epoch,loss
1,0.008122282114613544
2,0.0031757870926628906
3,0.002614362498797724
4,0.002539671016642657
5,0.002501951400613379
