epoch,loss
1,0.00929157041034678
2,0.004392961602565139
3,0.0040781066703545815
4,0.0036560975082452073
5,0.0033184470535289317
6,0.003238850502449724
7,0.003053472368576614
8,0.0027549530607541006
9,0.0025909235111444885
10,0.002559136810695843
11,0.002550442011126548
12,0.0025443194347405163
13,0.0025393636996948335
14,0.0025350804718466155
15,0.002533782823154193
16,0.0025312227744530517
17,0.0025269892382318786
18,0.0025286661247220224
19,0.002521482240462252
20,0.0025196028691704584
