epoch,loss
1,0.008038282006159615
2,0.005350339017115305
3,0.005352708792714093
4,0.005347550679307879
5,0.005348730620944782
