epoch,loss
1,0.010361860706018347
2,0.0032820268825906546
3,0.0027324163646418173
4,0.002559745245847775
5,0.0025270617439868905
