epoch,loss
1,0.006672289850704772
2,0.005474444326010945
3,0.0037058564471652553
4,0.0026173709334669838
5,0.0025578595812806425
