epoch,loss
1,0.007241898498562215
2,0.004198712510261637
3,0.0026606371612264237
4,0.002569865835223185
5,0.002533998163958864
